{
  "P@1": 0.25357083540940045,
  "P@5": 0.06449094834745955,
  "P@10": 0.034317389138021896,
  "R@5": 0.32245474173725297,
  "R@10": 0.3431738913801694,
  "nDCG@5": 0.2909740779020165,
  "nDCG@10": 0.29768919185058856,
  "AP": 0.2852603681789381
}