{
  "P@1": 0.23816641753861484,
  "P@5": 0.062066101976424294,
  "P@10": 0.03325444278359548,
  "R@5": 0.3103305098820794,
  "R@10": 0.33254442783590765,
  "nDCG@5": 0.27706987517993475,
  "nDCG@10": 0.2843145350000743,
  "AP": 0.2712666353116471
}