{
  "P@1": 0.2578890549742568,
  "P@5": 0.06508055140343047,
  "P@10": 0.034524995847870804,
  "R@5": 0.3254027570171068,
  "R@10": 0.345249958478658,
  "nDCG@5": 0.29446307614026257,
  "nDCG@10": 0.30090177758189335,
  "AP": 0.28880139904080765
}