{
  "P@1": 0.25593755190167744,
  "P@5": 0.06496429164591508,
  "P@10": 0.034458561700719155,
  "R@5": 0.32482145822952996,
  "R@10": 0.3445856170071417,
  "nDCG@5": 0.29338342165463116,
  "nDCG@10": 0.29980440035152517,
  "AP": 0.2875527226875595
}