{
  "P@1": 0.1602723800033217,
  "P@5": 0.0452167414050868,
  "P@10": 0.02504152134197262,
  "R@5": 0.22608370702541106,
  "R@10": 0.25041521341969775,
  "nDCG@5": 0.19554040940772632,
  "nDCG@10": 0.20341701590682626,
  "AP": 0.19162318396634592
}