{
  "P@1": 0.01905829596412556,
  "P@5": 0.0069755854509217325,
  "P@10": 0.004343132370038131,
  "R@5": 0.03487792725460887,
  "R@10": 0.043431323700381996,
  "nDCG@5": 0.027473297126090323,
  "nDCG@10": 0.03024133055097401,
  "AP": 0.027415023682705177
}