{
  "P@1": 0.12186513868128218,
  "P@5": 0.03584952665670401,
  "P@10": 0.020200132868296052,
  "R@5": 0.17924763328350773,
  "R@10": 0.20200132868294304,
  "nDCG@5": 0.1524739484944088,
  "nDCG@10": 0.15983104684826657,
  "AP": 0.14952863365568894
}