{
  "P@1": 0.24285832918119912,
  "P@5": 0.06305430991530511,
  "P@10": 0.0336322869955205,
  "R@5": 0.3152715495764823,
  "R@10": 0.336322869955157,
  "nDCG@5": 0.28209201480246043,
  "nDCG@10": 0.2889660242680425,
  "AP": 0.27603529081135975
}