{
  "P@1": 0.2634113934562365,
  "P@5": 0.06608536787909919,
  "P@10": 0.034894535791401865,
  "R@5": 0.33042683939544926,
  "R@10": 0.3489453579139678,
  "nDCG@5": 0.29985455809864614,
  "nDCG@10": 0.3058939688271052,
  "AP": 0.2940848137474608
}