{
  "P@1": 0.092883241986381,
  "P@5": 0.028633117422355914,
  "P@10": 0.01637601727287914,
  "R@5": 0.14316558711177546,
  "R@10": 0.1637601727287826,
  "nDCG@5": 0.1196831365760652,
  "nDCG@10": 0.1263348075493648,
  "AP": 0.11761432415577083
}