{
  "P@1": 0.01635940873609035,
  "P@5": 0.005904334828101663,
  "P@10": 0.0035168576648397054,
  "R@5": 0.02952167414050822,
  "R@10": 0.03516857664839727,
  "nDCG@5": 0.02342184467887854,
  "nDCG@10": 0.02524842120302303,
  "AP": 0.023195846347703355
}