{
  "P@1": 0.02009632951336987,
  "P@5": 0.0071333665504068585,
  "P@10": 0.0044095665171897626,
  "R@5": 0.03566683275203455,
  "R@10": 0.044095665171898356,
  "nDCG@5": 0.028313237802912675,
  "nDCG@10": 0.031019664707380146,
  "AP": 0.02818521573871747
}