{
  "P@1": 0.2565188506892543,
  "P@5": 0.06513868128218815,
  "P@10": 0.03451253944527987,
  "R@5": 0.3256934064108952,
  "R@10": 0.3451253944527487,
  "nDCG@5": 0.293997970829503,
  "nDCG@10": 0.30028591558898643,
  "AP": 0.2879325409291764
}