{
  "P@1": 0.08814980900182694,
  "P@5": 0.027777777777778404,
  "P@10": 0.01596080385318132,
  "R@5": 0.1388888888888889,
  "R@10": 0.15960803853180536,
  "nDCG@5": 0.11497951511811655,
  "nDCG@10": 0.12167492110183441,
  "AP": 0.1128904596490652
}