{
  "P@1": 0.26378508553396446,
  "P@5": 0.06608536787909919,
  "P@10": 0.034894535791401865,
  "R@5": 0.33042683939544926,
  "R@10": 0.3489453579139678,
  "nDCG@5": 0.29991327366501186,
  "nDCG@10": 0.3059401676497843,
  "AP": 0.2941306506697176
}