{
  "P@1": 0.10783092509549909,
  "P@5": 0.032411559541606065,
  "P@10": 0.018335824613852844,
  "R@5": 0.16205779770802192,
  "R@10": 0.1833582461385152,
  "nDCG@5": 0.13658329480221104,
  "nDCG@10": 0.14350148444342128,
  "AP": 0.13413652312688168
}