name,MAP,P@1,P@5,P@10,R@5,R@10,nDCG@5,nDCG@10
TF_IDF,0.708384259072948,0.6353,0.15916000000002248,0.08404000000001226,0.7958,0.8404,0.7223111282948146,0.7368262997677406
BM25,0.7082738654293846,0.6344,0.15916000000002248,0.08404000000001226,0.7958,0.8404,0.7221697177247793,0.7367150345232001
PL2,0.6648033943900787,0.5849,0.1518600000000208,0.08100000000001156,0.7593,0.81,0.6793904084502458,0.6959457728471536
DPH,0.6934567315738285,0.6178,0.15688000000002195,0.08312000000001205,0.7844,0.8312,0.7080647129457751,0.723208599104515
bi-encoder (BAAI/bge-small-en-v1.5),0.11761432415577083,0.092883241986381,0.028633117422355914,0.01637601727287914,0.14316558711177546,0.1637601727287826,0.1196831365760652,0.1263348075493648