{
  "P@1": 0.27242152466367714,
  "P@5": 0.06764657033716298,
  "P@10": 0.035587942202297225,
  "R@5": 0.3382328516857665,
  "R@10": 0.3558794220229198,
  "nDCG@5": 0.30830674467566027,
  "nDCG@10": 0.3140394210995136,
  "AP": 0.3022660002798055
}