{
  "P@1": 0.26366052150805513,
  "P@5": 0.06607706361070523,
  "P@10": 0.034898687925598845,
  "R@5": 0.3303853180534795,
  "R@10": 0.3489868792559376,
  "nDCG@5": 0.2998414466485848,
  "nDCG@10": 0.3058969339995118,
  "AP": 0.2940561062947728
}