{
  "P@1": 0.2424431157615014,
  "P@5": 0.06305430991530511,
  "P@10": 0.033623982727126536,
  "R@5": 0.3152715495764823,
  "R@10": 0.33623982727121743,
  "nDCG@5": 0.2819072123902936,
  "nDCG@10": 0.2887589460938618,
  "AP": 0.275792047764958
}