{
  "P@1": 0.2561866799534961,
  "P@5": 0.06514698555058211,
  "P@10": 0.034495930908491956,
  "R@5": 0.325734927752865,
  "R@10": 0.3449593090848696,
  "nDCG@5": 0.2939059511419357,
  "nDCG@10": 0.3001300000974476,
  "AP": 0.28778558832240614
}