{
  "P@1": 0.2631622654044179,
  "P@5": 0.06606875934231127,
  "P@10": 0.034890383657204885,
  "R@5": 0.3303437967115097,
  "R@10": 0.348903836571998,
  "nDCG@5": 0.2997388243169406,
  "nDCG@10": 0.3057977564596317,
  "AP": 0.2939695105807291
}